,home_rank,home_weighted_points,away_rank,away_weighted_points,rank_diff,point_diff,tournament,neutral,home_team,away_team
Iraq,79.0,183.25,86.33333333333333,242.39000000000001,-7.333333333333329,-59.140000000000015,1,0,151,66
Mauritania,154.66666666666666,54.19833333333333,104.16666666666667,142.08166666666668,50.499999999999986,-87.88333333333335,1,0,132,92
Syria,101.16666666666667,135.38333333333333,75.0,232.32833333333335,26.16666666666667,-96.94500000000002,1,0,115,138
Solomon Islands,156.16666666666666,48.875,150.33333333333334,117.98,5.833333333333314,-69.105,1,1,139,129
Nigeria,16.833333333333332,477.5566666666667,49.5,280.28333333333336,-32.66666666666667,197.2733333333333,0,1,32,104
Egypt,168.66666666666666,0.0,42.333333333333336,273.91833333333335,126.33333333333331,-273.91833333333335,1,0,25,38
Panama,16.0,494.0733333333333,54.0,306.59333333333336,-38.0,187.47999999999996,1,0,93,109
Portugal,94.5,127.30499999999999,3.5,708.9733333333334,91.0,-581.6683333333334,1,0,45,115
Austria,19.833333333333332,376.8283333333333,27.333333333333332,430.10999999999996,-7.5,-53.28166666666664,1,0,156,8
Burkina Faso,26.833333333333332,401.705,52.666666666666664,252.12166666666664,-25.833333333333332,149.58333333333334,1,0,122,19
United Arab Emirates,86.33333333333333,242.39000000000001,79.0,183.25,7.333333333333329,59.140000000000015,1,1,64,150
Liechtenstein,57.833333333333336,243.60333333333332,181.16666666666666,42.68500000000001,-123.33333333333331,200.91833333333332,1,0,1,83
Peru,8.0,521.5266666666665,11.0,616.1850000000001,-3.0,-94.65833333333353,0,1,48,112
Spain,181.16666666666666,42.68500000000001,7.333333333333333,608.915,173.83333333333331,-566.2299999999999,1,0,82,133
Congo,51.0,263.55833333333334,89.0,148.03833333333336,-38.0,115.51999999999998,1,0,53,29
Fiji,124.5,101.87,166.83333333333334,58.02166666666667,-42.33333333333334,43.848333333333336,1,0,101,46
Sweden,16.833333333333332,440.00500000000005,21.0,578.8333333333334,-4.166666666666668,-138.82833333333332,1,0,66,136
Solomon Islands,124.5,101.87,150.33333333333334,117.98,-25.833333333333343,-16.11,1,0,101,129
USA,134.66666666666666,0.0,24.5,488.3666666666666,110.16666666666666,-488.3666666666666,1,0,56,147
Panama,14.333333333333334,479.66833333333335,54.0,306.59333333333336,-39.666666666666664,173.075,0,1,40,109
Albania,7.333333333333333,608.915,57.833333333333336,243.60333333333332,-50.5,365.3116666666666,1,0,133,1
Ukraine,16.833333333333332,477.5566666666667,33.333333333333336,405.47333333333336,-16.500000000000004,72.08333333333331,1,0,32,149
Mozambique,91.66666666666667,173.07000000000002,107.66666666666667,136.225,-16.0,36.84500000000003,1,0,49,98
Iceland,49.5,280.28333333333336,20.333333333333332,519.1433333333333,29.166666666666668,-238.85999999999996,0,1,103,64
Trinidad and Tobago,54.0,306.59333333333336,85.66666666666667,173.22166666666666,-31.66666666666667,133.3716666666667,1,0,108,143
Malaysia,83.16666666666667,263.06,173.33333333333334,25.450000000000003,-90.16666666666667,237.61,1,1,107,88
Ecuador,14.5,367.13333333333327,64.5,58.74999999999999,-50.0,308.38333333333327,1,0,27,37
Jamaica,25.166666666666668,395.195,51.333333333333336,367.03999999999996,-26.166666666666668,28.15500000000003,1,0,31,69
Korea DPR,82.0,129.1316666666667,114.66666666666667,124.46,-32.66666666666667,4.671666666666695,1,0,153,74
Latvia,3.5,708.9733333333334,133.5,78.05166666666666,-130.0,630.9216666666667,1,0,114,78
Poland,44.166666666666664,395.24,8.0,569.9300000000001,36.166666666666664,-174.69000000000005,1,0,95,114
Chad,42.333333333333336,273.91833333333335,168.66666666666666,0.0,-126.33333333333331,273.91833333333335,1,0,38,25
Malaysia,83.16666666666667,263.06,173.33333333333334,25.450000000000003,-90.16666666666667,237.61,1,1,107,88
Mexico,84.66666666666667,250.72500000000002,16.0,494.0733333333333,68.66666666666667,-243.3483333333333,1,0,39,94
Finland,38.166666666666664,290.03666666666663,65.0,346.72499999999997,-26.833333333333336,-56.68833333333333,1,0,146,47
Afghanistan,75.0,232.32833333333335,145.16666666666666,104.065,-70.16666666666666,128.26333333333335,1,1,138,0
Argentina,14.5,367.13333333333327,4.5,462.20166666666665,10.0,-95.06833333333338,1,0,27,5
Lithuania,184.83333333333334,27.378333333333334,138.83333333333334,40.94833333333333,46.0,-13.569999999999997,1,0,90,84
Germany,53.5,378.68666666666667,1.0,822.7366666666667,52.5,-444.05,1,0,105,52
Sudan,76.16666666666667,240.4316666666667,123.16666666666667,160.32166666666666,-47.0,80.11000000000004,1,0,158,134
Uruguay,11.0,616.1850000000001,19.0,395.4550000000001,-8.0,220.72999999999996,1,0,111,151
Czech Republic,120.16666666666667,81.07333333333334,45.5,306.84833333333336,74.66666666666667,-225.77500000000003,1,0,9,34
Italy,181.16666666666666,42.68500000000001,16.833333333333332,440.00500000000005,164.33333333333331,-397.32000000000005,1,0,82,68
Turkey,162.66666666666666,74.70666666666666,38.166666666666664,290.03666666666663,124.5,-215.32999999999998,1,1,74,145
Kazakhstan,44.166666666666664,395.24,126.66666666666667,73.19,-82.5,322.05,1,0,95,72
Switzerland,50.5,193.13,7.0,613.3216666666666,43.5,-420.1916666666666,1,0,61,137
Chile,19.0,395.4550000000001,9.5,442.0466666666666,9.5,-46.59166666666653,1,0,152,26
Algeria,49.5,256.27833333333336,61.5,212.29999999999998,-12.0,43.97833333333338,1,0,23,2
Trinidad and Tobago,62.666666666666664,284.3066666666667,85.66666666666667,173.22166666666666,-23.000000000000007,111.08500000000001,1,0,60,143
Australia,57.833333333333336,220.96666666666667,37.5,394.7683333333334,20.333333333333336,-173.8016666666667,1,0,68,7
Albania,181.16666666666666,42.68500000000001,57.833333333333336,243.60333333333332,123.33333333333331,-200.91833333333332,1,0,82,1
Slovenia,28.5,358.18666666666667,62.5,238.87666666666667,-34.0,119.31,1,0,127,128
Belarus,19.666666666666668,527.0783333333334,85.83333333333333,160.80666666666664,-66.16666666666666,366.27166666666676,1,0,99,12
Morocco,3.5,708.9733333333334,41.333333333333336,380.00333333333333,-37.833333333333336,328.97,0,1,114,97
Iraq,37.5,394.7683333333334,86.33333333333333,242.39000000000001,-48.83333333333333,152.37833333333336,1,0,7,66
Ghana,89.0,148.03833333333336,51.0,263.55833333333334,38.0,-115.51999999999998,1,0,29,53
Moldova,19.833333333333332,376.8283333333333,170.5,44.43333333333334,-150.66666666666666,332.395,1,0,156,95
Albania,16.833333333333332,440.00500000000005,57.833333333333336,243.60333333333332,-41.0,196.40166666666673,1,0,66,1
Peru,14.5,367.13333333333327,11.0,616.1850000000001,3.5,-249.0516666666668,1,0,27,112
Saudi Arabia,79.0,183.25,67.0,174.54,12.0,8.710000000000008,1,0,151,120
Guinea,39.166666666666664,340.10166666666663,68.83333333333333,229.67499999999998,-29.666666666666664,110.42666666666665,1,0,30,58
India,93.83333333333333,228.235,99.0,202.94500000000002,-5.166666666666671,25.289999999999992,1,0,106,65
Venezuela,4.5,462.20166666666665,43.166666666666664,410.935,-38.666666666666664,51.26666666666665,1,0,5,153
Bhutan,149.16666666666666,74.63,185.83333333333334,0.0,-36.666666666666686,74.63,1,0,88,14
Northern Ireland,1.0,822.7366666666667,26.333333333333332,421.1116666666667,-25.333333333333332,401.625,1,0,52,105
Slovenia,138.83333333333334,40.94833333333333,62.5,238.87666666666667,76.33333333333334,-197.92833333333334,1,0,83,128
Malta,34.166666666666664,493.81333333333333,184.83333333333334,27.378333333333334,-150.66666666666669,466.435,1,0,121,91
Equatorial Guinea,41.333333333333336,380.00333333333333,141.5,24.791666666666668,-100.16666666666666,355.21166666666664,1,0,96,41
Liechtenstein,7.333333333333333,608.915,181.16666666666666,42.68500000000001,-173.83333333333331,566.2299999999999,1,0,133,83
Korea Republic,169.33333333333334,45.81166666666667,59.166666666666664,183.17666666666665,110.16666666666669,-137.36499999999998,1,0,75,75
Kazakhstan,8.0,569.9300000000001,126.66666666666667,73.19,-118.66666666666667,496.74000000000007,1,0,113,72
Congo,42.333333333333336,273.91833333333335,89.0,148.03833333333336,-46.666666666666664,125.88,1,0,38,29
Georgia,27.333333333333332,430.10999999999996,98.66666666666667,203.5683333333333,-71.33333333333334,226.54166666666666,1,0,8,51
Laos,82.66666666666667,306.0,180.83333333333334,21.25,-98.16666666666667,284.75,1,0,78,77
Cameroon,76.16666666666667,240.4316666666667,49.5,256.27833333333336,26.66666666666667,-15.846666666666664,1,0,158,22
Latvia,3.5,708.9733333333334,133.5,78.05166666666666,-130.0,630.9216666666667,1,0,114,78
Bolivia,9.5,442.0466666666666,52.666666666666664,406.9783333333333,-43.166666666666664,35.06833333333333,1,0,26,15
Equatorial Guinea,41.333333333333336,380.00333333333333,141.5,24.791666666666668,-100.16666666666666,355.21166666666664,1,0,96,41
Switzerland,26.333333333333332,421.1116666666667,7.0,613.3216666666666,19.333333333333332,-192.20999999999992,1,0,104,137
Saudi Arabia,83.16666666666667,263.06,67.0,174.54,16.16666666666667,88.52000000000001,1,1,107,120
Faroe Islands,50.5,193.13,94.5,127.30499999999999,-44.0,65.825,1,0,61,45
Qatar,75.0,232.32833333333335,101.16666666666667,135.38333333333333,-26.16666666666667,96.94500000000002,1,1,138,116
Albania,7.333333333333333,608.915,57.833333333333336,243.60333333333332,-50.5,365.3116666666666,1,0,133,1
Guinea,19.666666666666668,580.4266666666666,68.83333333333333,229.67499999999998,-49.16666666666666,350.75166666666667,1,0,145,58
Ecuador,2.0,638.3583333333332,64.5,58.74999999999999,-62.5,579.6083333333332,1,0,18,37
Faroe Islands,3.5,708.9733333333334,94.5,127.30499999999999,-91.0,581.6683333333334,1,0,114,45
Bhutan,149.16666666666666,74.63,185.83333333333334,0.0,-36.666666666666686,74.63,1,0,88,14
Kosovo,33.333333333333336,405.47333333333336,162.66666666666666,74.70666666666666,-129.33333333333331,330.7666666666667,1,1,150,76
Uzbekistan,75.0,232.32833333333335,82.0,129.1316666666667,-7.0,103.19666666666666,1,1,138,152
Kosovo,38.166666666666664,290.03666666666663,162.66666666666666,74.70666666666666,-124.5,215.32999999999998,1,0,146,76
Paraguay,14.5,367.13333333333327,31.166666666666668,421.83,-16.666666666666668,-54.696666666666715,1,0,27,111
Haiti,51.333333333333336,367.03999999999996,96.33333333333333,79.475,-44.99999999999999,287.56499999999994,1,0,67,60
Azerbaijan,26.333333333333332,421.1116666666667,120.16666666666667,81.07333333333334,-93.83333333333334,340.03833333333336,1,0,104,9
Spain,57.833333333333336,243.60333333333332,7.333333333333333,608.915,50.5,-365.3116666666666,1,0,1,133
Scotland,138.83333333333334,40.94833333333333,34.166666666666664,493.81333333333333,104.66666666666669,-452.865,1,0,83,121
USA,134.66666666666666,0.0,24.5,488.3666666666666,110.16666666666666,-488.3666666666666,1,0,56,147
Costa Rica,54.0,306.59333333333336,25.166666666666668,395.195,28.833333333333332,-88.60166666666663,1,0,108,31
Saudi Arabia,64.66666666666667,212.42,67.0,174.54,-2.3333333333333286,37.879999999999995,0,0,117,120
Hungary,132.83333333333334,204.26500000000001,50.5,193.13,82.33333333333334,11.13500000000002,1,0,3,63
Colombia,19.0,395.4550000000001,14.5,367.13333333333327,4.5,28.32166666666683,1,0,152,27
Lithuania,62.5,238.87666666666667,138.83333333333334,40.94833333333333,-76.33333333333334,197.92833333333334,1,0,128,84
Chile,43.166666666666664,410.935,9.5,442.0466666666666,33.666666666666664,-31.111666666666622,1,0,154,26
Ethiopia,89.0,148.03833333333336,141.83333333333334,55.501666666666665,-52.83333333333334,92.53666666666669,1,0,29,44
Scotland,62.5,238.87666666666667,34.166666666666664,493.81333333333333,28.333333333333336,-254.93666666666667,1,0,128,121
Liechtenstein,57.833333333333336,243.60333333333332,181.16666666666666,42.68500000000001,-123.33333333333331,200.91833333333332,1,0,1,83
Fiji,155.16666666666666,83.23,166.83333333333334,58.02166666666667,-11.666666666666686,25.208333333333336,1,0,100,46
Guam,99.0,202.94500000000002,190.5,0.0,-91.5,202.94500000000002,1,0,63,56
Austria,34.833333333333336,445.91499999999996,27.333333333333332,430.10999999999996,7.5000000000000036,15.805000000000007,1,0,123,8
Namibia,68.83333333333333,229.67499999999998,110.16666666666667,126.67333333333335,-41.33333333333334,103.00166666666664,1,1,57,99
Iraq,107.33333333333333,201.84,86.33333333333333,242.39000000000001,21.0,-40.55000000000001,1,0,155,66
Kazakhstan,44.166666666666664,395.24,126.66666666666667,73.19,-82.5,322.05,1,0,95,72
Qatar,75.0,232.32833333333335,101.16666666666667,135.38333333333333,-26.16666666666667,96.94500000000002,1,1,138,116
Honduras,37.5,394.7683333333334,62.666666666666664,284.3066666666667,-25.166666666666664,110.4616666666667,1,0,7,61
Syria,59.166666666666664,183.17666666666665,75.0,232.32833333333335,-15.833333333333336,-49.1516666666667,1,0,73,138
France,85.83333333333333,160.80666666666664,8.0,521.5266666666665,77.83333333333333,-360.7199999999999,1,0,12,48
Haiti,54.0,306.59333333333336,96.33333333333333,79.475,-42.33333333333333,227.11833333333337,1,0,108,60
Argentina,9.5,442.0466666666666,4.5,462.20166666666665,5.0,-20.15500000000003,1,0,26,5
Seychelles,144.5,82.33833333333332,191.83333333333334,11.543333333333335,-47.33333333333334,70.79499999999999,1,0,21,124
Zambia,123.16666666666667,160.32166666666666,76.16666666666667,240.4316666666667,47.0,-80.11000000000004,1,0,134,157
Colombia,64.5,58.74999999999999,14.5,367.13333333333327,50.0,-308.38333333333327,1,0,37,27
Malta,138.83333333333334,40.94833333333333,184.83333333333334,27.378333333333334,-46.0,13.569999999999997,1,0,83,91
Saudi Arabia,125.5,109.98,67.0,174.54,58.5,-64.55999999999999,1,0,142,120
Guinea,19.666666666666668,580.4266666666666,68.83333333333333,229.67499999999998,-49.16666666666666,350.75166666666667,1,0,145,58
Gabon,67.5,198.16833333333332,91.66666666666667,173.07000000000002,-24.16666666666667,25.0983333333333,1,0,89,49
Luxembourg,46.333333333333336,370.25999999999993,83.5,299.77,-37.166666666666664,70.48999999999995,1,0,19,85
Latvia,132.83333333333334,204.26500000000001,133.5,78.05166666666666,-0.6666666666666572,126.21333333333335,1,0,3,78
Azerbaijan,53.5,378.68666666666667,120.16666666666667,81.07333333333334,-66.66666666666667,297.61333333333334,1,0,105,9
Thailand,86.33333333333333,242.39000000000001,125.5,109.98,-39.16666666666667,132.41000000000003,1,1,64,142
Faroe Islands,132.83333333333334,204.26500000000001,94.5,127.30499999999999,38.33333333333334,76.96000000000002,1,0,3,45
Malta,62.5,238.87666666666667,184.83333333333334,27.378333333333334,-122.33333333333334,211.49833333333333,1,0,128,91
Saudi Arabia,37.5,394.7683333333334,67.0,174.54,-29.5,220.22833333333338,1,0,7,120
Iceland,65.0,346.72499999999997,20.333333333333332,519.1433333333333,44.66666666666667,-172.41833333333335,1,0,47,64
Bolivia,31.166666666666668,421.83,52.666666666666664,406.9783333333333,-21.499999999999996,14.851666666666688,1,0,110,15
Solomon Islands,156.16666666666666,48.875,150.33333333333334,117.98,5.833333333333314,-69.105,1,1,139,129
Denmark,8.0,569.9300000000001,12.0,754.7800000000001,-4.0,-184.85000000000002,1,0,113,35
Uruguay,14.5,367.13333333333327,19.0,395.4550000000001,-4.5,-28.32166666666683,1,0,27,151
Burundi,191.83333333333334,11.543333333333335,144.5,82.33833333333332,47.33333333333334,-70.79499999999999,1,0,124,20
Romania,44.166666666666664,395.24,34.333333333333336,384.19,9.833333333333329,11.050000000000011,1,0,95,117
Slovakia,14.333333333333334,479.66833333333335,28.5,358.18666666666667,-14.166666666666666,121.48166666666668,1,0,40,127
Gabon,41.333333333333336,380.00333333333333,91.66666666666667,173.07000000000002,-50.333333333333336,206.9333333333333,1,0,96,49
Australia,125.5,109.98,37.5,394.7683333333334,88.0,-284.78833333333336,1,0,142,7
Slovakia,62.5,238.87666666666667,28.5,358.18666666666667,34.0,-119.31,1,0,128,127
Uzbekistan,101.16666666666667,135.38333333333333,82.0,129.1316666666667,19.16666666666667,6.251666666666637,1,0,115,152
Venezuela,11.0,616.1850000000001,43.166666666666664,410.935,-32.166666666666664,205.25000000000006,1,0,111,153
Brazil,43.166666666666664,410.935,2.0,638.3583333333332,41.166666666666664,-227.42333333333323,1,0,154,17
Thailand,57.833333333333336,220.96666666666667,125.5,109.98,-67.66666666666666,110.98666666666666,1,0,68,142
Costa Rica,2.0,638.3583333333332,25.166666666666668,395.195,-23.166666666666668,243.16333333333324,0,1,18,31
Chile,64.5,58.74999999999999,9.5,442.0466666666666,55.0,-383.2966666666666,1,0,37,26
Netherlands,21.0,578.8333333333334,19.666666666666668,527.0783333333334,1.3333333333333321,51.754999999999995,1,0,136,100
Botswana,67.5,198.16833333333332,146.0,43.41166666666667,-78.5,154.75666666666666,1,0,89,16
Gabon,41.333333333333336,380.00333333333333,91.66666666666667,173.07000000000002,-50.333333333333336,206.9333333333333,1,0,96,49
Ukraine,65.0,346.72499999999997,33.333333333333336,405.47333333333336,31.666666666666664,-58.74833333333339,1,0,47,149
Slovenia,14.333333333333334,479.66833333333335,62.5,238.87666666666667,-48.166666666666664,240.79166666666669,1,0,40,128
Australia,12.0,754.7800000000001,37.5,394.7683333333334,-25.5,360.0116666666667,0,1,35,7
Norway,1.0,822.7366666666667,53.5,378.68666666666667,-52.5,444.05,1,0,52,106
Senegal,74.83333333333333,190.57333333333335,26.833333333333332,401.705,48.0,-211.13166666666663,1,0,131,122
Congo DR,144.5,82.33833333333332,39.166666666666664,340.10166666666663,105.33333333333334,-257.7633333333333,1,0,21,30
Canada,62.666666666666664,284.3066666666667,85.5,230.70333333333338,-22.833333333333336,53.603333333333296,1,0,60,23
Nigeria,132.0,42.01499999999999,49.5,280.28333333333336,82.5,-238.26833333333337,1,0,135,104
Panama,62.666666666666664,284.3066666666667,54.0,306.59333333333336,8.666666666666664,-22.28666666666669,1,0,60,109
South Africa,139.5,115.98,74.83333333333333,190.57333333333335,64.66666666666667,-74.59333333333335,1,0,4,131
South Sudan,104.16666666666667,142.08166666666668,154.66666666666666,54.19833333333333,-50.499999999999986,87.88333333333335,1,0,91,132
Argentina,43.166666666666664,410.935,4.5,462.20166666666665,38.666666666666664,-51.26666666666665,1,0,154,5
Hungary,94.5,127.30499999999999,50.5,193.13,44.0,-65.825,1,0,45,63
Uganda,42.333333333333336,273.91833333333335,76.5,189.62166666666667,-34.166666666666664,84.29666666666668,1,0,38,148
Trinidad and Tobago,54.0,306.59333333333336,85.66666666666667,173.22166666666666,-31.66666666666667,133.3716666666667,1,0,108,143
Lebanon,59.166666666666664,183.17666666666665,82.66666666666667,306.0,-23.500000000000007,-122.82333333333335,1,0,73,79
Australia,57.833333333333336,220.96666666666667,37.5,394.7683333333334,20.333333333333336,-173.8016666666667,1,0,68,7
Luxembourg,21.0,578.8333333333334,83.5,299.77,-62.5,279.0633333333334,1,0,136,85
Thailand,107.33333333333333,201.84,125.5,109.98,-18.16666666666667,91.86,1,0,155,142
Trinidad and Tobago,54.0,306.59333333333336,85.66666666666667,173.22166666666666,-31.66666666666667,133.3716666666667,1,0,108,143
Thailand,79.0,183.25,125.5,109.98,-46.5,73.27,1,0,151,142
Andorra,3.5,708.9733333333334,132.83333333333334,204.26500000000001,-129.33333333333334,504.70833333333337,1,0,114,3
Honduras,16.0,494.0733333333333,62.666666666666664,284.3066666666667,-46.666666666666664,209.76666666666665,1,0,93,61
Mali,41.333333333333336,380.00333333333333,67.5,198.16833333333332,-26.166666666666664,181.835,1,0,96,90
Yemen,117.83333333333333,138.975,133.16666666666666,113.13999999999999,-15.333333333333329,25.835000000000008,1,0,112,156
Greece,200.83333333333334,17.08,44.833333333333336,339.45666666666665,156.0,-322.37666666666667,1,1,54,55
Mexico,59.166666666666664,183.17666666666665,16.0,494.0733333333333,43.166666666666664,-310.89666666666665,0,1,73,94
Australia,115.16666666666667,140.725,37.5,394.7683333333334,77.66666666666667,-254.04333333333338,1,0,69,7
Panama,14.333333333333334,479.66833333333335,54.0,306.59333333333336,-39.666666666666664,173.075,0,1,40,109
Colombia,31.166666666666668,421.83,14.5,367.13333333333327,16.666666666666668,54.696666666666715,1,0,110,27
Ecuador,9.5,442.0466666666666,64.5,58.74999999999999,-55.0,383.2966666666666,1,0,26,37
Solomon Islands,124.5,101.87,150.33333333333334,117.98,-25.833333333333343,-16.11,1,0,101,129
Thailand,57.833333333333336,220.96666666666667,125.5,109.98,-67.66666666666666,110.98666666666666,1,0,68,142
Denmark,94.66666666666667,166.66833333333332,12.0,754.7800000000001,82.66666666666667,-588.1116666666668,1,0,6,35
Ecuador,31.166666666666668,421.83,64.5,58.74999999999999,-33.33333333333333,363.08,1,0,110,37
Sweden,46.333333333333336,370.25999999999993,21.0,578.8333333333334,25.333333333333336,-208.57333333333344,1,0,19,136
Croatia,4.5,462.20166666666665,16.833333333333332,477.5566666666667,-12.333333333333332,-15.355000000000018,0,1,5,32
Mali,41.333333333333336,380.00333333333333,67.5,198.16833333333332,-26.166666666666664,181.835,1,0,96,90
Costa Rica,51.333333333333336,367.03999999999996,25.166666666666668,395.195,26.166666666666668,-28.15500000000003,1,0,67,31
Senegal,109.5,155.11166666666668,26.833333333333332,401.705,82.66666666666667,-246.5933333333333,1,0,85,122
Cambodia,75.0,232.32833333333335,169.83333333333334,42.69,-94.83333333333334,189.63833333333335,1,1,138,21
Kazakhstan,44.166666666666664,395.24,126.66666666666667,73.19,-82.5,322.05,1,0,95,72
Hungary,3.5,708.9733333333334,50.5,193.13,-47.0,515.8433333333334,1,0,114,63
Norway,1.0,822.7366666666667,53.5,378.68666666666667,-52.5,444.05,1,0,52,106
Australia,57.833333333333336,220.96666666666667,37.5,394.7683333333334,20.333333333333336,-173.8016666666667,1,0,68,7
Croatia,44.833333333333336,339.45666666666665,16.833333333333332,477.5566666666667,28.000000000000004,-138.10000000000002,1,0,55,32
Argentina,19.0,395.4550000000001,4.5,462.20166666666665,14.5,-66.74666666666656,1,0,152,5
Uzbekistan,133.16666666666666,113.13999999999999,82.0,129.1316666666667,51.16666666666666,-15.991666666666703,1,1,157,152
Botswana,206.33333333333334,0.0,146.0,43.41166666666667,60.33333333333334,-43.41166666666667,1,0,42,16
Bolivia,11.0,616.1850000000001,52.666666666666664,406.9783333333333,-41.666666666666664,209.20666666666676,1,0,111,15
Saudi Arabia,79.0,183.25,67.0,174.54,12.0,8.710000000000008,1,0,151,120
Guatemala,85.66666666666667,173.22166666666666,134.66666666666666,0.0,-48.999999999999986,173.22166666666666,1,0,144,57
Honduras,24.5,488.3666666666666,62.666666666666664,284.3066666666667,-38.166666666666664,204.05999999999995,1,0,148,61
Fiji,124.5,101.87,166.83333333333334,58.02166666666667,-42.33333333333334,43.848333333333336,1,0,101,46
Andorra,7.0,613.3216666666666,132.83333333333334,204.26500000000001,-125.83333333333334,409.0566666666666,1,0,137,3
Seychelles,144.5,82.33833333333332,191.83333333333334,11.543333333333335,-47.33333333333334,70.79499999999999,1,0,21,124
Honduras,85.66666666666667,173.22166666666666,62.666666666666664,284.3066666666667,23.000000000000007,-111.08500000000001,1,0,144,61
Jamaica,54.0,306.59333333333336,51.333333333333336,367.03999999999996,2.6666666666666643,-60.4466666666666,1,0,108,69
San Marino,26.333333333333332,421.1116666666667,204.16666666666666,0.0,-177.83333333333331,421.1116666666667,1,0,104,119
Lithuania,62.5,238.87666666666667,138.83333333333334,40.94833333333333,-76.33333333333334,197.92833333333334,1,0,128,84
Honduras,54.0,306.59333333333336,62.666666666666664,284.3066666666667,-8.666666666666664,22.28666666666669,1,0,108,61
Burkina Faso,74.83333333333333,190.57333333333335,52.666666666666664,252.12166666666664,22.166666666666664,-61.54833333333329,1,0,131,19
Comoros,51.0,263.55833333333334,137.33333333333334,105.33166666666666,-86.33333333333334,158.2266666666667,1,0,53,28
Kazakhstan,94.66666666666667,166.66833333333332,126.66666666666667,73.19,-32.0,93.47833333333332,1,0,6,72
Syria,82.0,129.1316666666667,75.0,232.32833333333335,7.0,-103.19666666666666,1,0,153,138
Morocco,91.66666666666667,173.07000000000002,41.333333333333336,380.00333333333333,50.333333333333336,-206.9333333333333,1,0,49,97
Wales,98.66666666666667,203.5683333333333,19.833333333333332,376.8283333333333,78.83333333333334,-173.26000000000002,1,0,51,155
Senegal,57.833333333333336,220.96666666666667,26.833333333333332,401.705,31.000000000000004,-180.73833333333332,0,1,68,122
Chile,64.5,58.74999999999999,9.5,442.0466666666666,55.0,-383.2966666666666,1,0,37,26
Armenia,8.0,569.9300000000001,94.66666666666667,166.66833333333332,-86.66666666666667,403.26166666666677,1,0,113,6
Algeria,142.0,104.65500000000002,61.5,212.29999999999998,80.5,-107.64499999999997,1,0,141,2
Nigeria,61.5,212.29999999999998,49.5,280.28333333333336,12.0,-67.98333333333338,1,0,2,104
Morocco,141.5,24.791666666666668,41.333333333333336,380.00333333333333,100.16666666666666,-355.21166666666664,1,0,41,97
Hungary,3.5,708.9733333333334,50.5,193.13,-47.0,515.8433333333334,1,0,114,63
Hungary,7.0,613.3216666666666,50.5,193.13,-43.5,420.1916666666666,1,0,137,63
Iraq,79.0,183.25,86.33333333333333,242.39000000000001,-7.333333333333329,-59.140000000000015,1,0,151,66
Tunisia,68.83333333333333,229.67499999999998,19.666666666666668,580.4266666666666,49.16666666666666,-350.75166666666667,1,0,57,144
Latvia,7.0,613.3216666666666,133.5,78.05166666666666,-126.5,535.27,1,0,137,78
Czech Republic,26.333333333333332,421.1116666666667,45.5,306.84833333333336,-19.166666666666668,114.26333333333332,1,0,104,34
Latvia,3.5,708.9733333333334,133.5,78.05166666666666,-130.0,630.9216666666667,1,0,114,78
Ecuador,14.5,367.13333333333327,64.5,58.74999999999999,-50.0,308.38333333333327,1,0,27,37
Saudi Arabia,86.33333333333333,242.39000000000001,67.0,174.54,19.33333333333333,67.85000000000002,1,1,64,120
Syria,57.833333333333336,220.96666666666667,75.0,232.32833333333335,-17.166666666666664,-11.361666666666679,1,0,68,138
Argentina,31.166666666666668,421.83,4.5,462.20166666666665,26.666666666666668,-40.37166666666667,1,0,110,5
Mexico,54.0,306.59333333333336,16.0,494.0733333333333,38.0,-187.47999999999996,1,0,108,94
Australia,67.0,174.54,37.5,394.7683333333334,29.5,-220.22833333333338,1,0,120,7
Solomon Islands,166.83333333333334,32.515,150.33333333333334,117.98,16.5,-85.465,1,0,109,129
Latvia,94.5,127.30499999999999,133.5,78.05166666666666,-39.0,49.25333333333333,1,0,45,78
Albania,16.833333333333332,440.00500000000005,57.833333333333336,243.60333333333332,-41.0,196.40166666666673,1,0,66,1
Burkina Faso,74.83333333333333,190.57333333333335,52.666666666666664,252.12166666666664,22.166666666666664,-61.54833333333329,1,0,131,19
Faroe Islands,3.5,708.9733333333334,94.5,127.30499999999999,-91.0,581.6683333333334,1,0,114,45
Afghanistan,75.0,232.32833333333335,145.16666666666666,104.065,-70.16666666666666,128.26333333333335,1,1,138,0
Serbia,25.166666666666668,395.195,34.833333333333336,445.91499999999996,-9.666666666666668,-50.71999999999997,0,1,31,123
Seychelles,144.5,82.33833333333332,191.83333333333334,11.543333333333335,-47.33333333333334,70.79499999999999,1,0,21,124
Turkey,20.333333333333332,519.1433333333333,38.166666666666664,290.03666666666663,-17.833333333333332,229.10666666666668,1,0,62,145
Japan,14.5,367.13333333333327,57.833333333333336,220.96666666666667,-43.333333333333336,146.1666666666666,0,1,27,70
Mali,146.0,43.41166666666667,67.5,198.16833333333332,78.5,-154.75666666666666,1,0,17,90
Croatia,65.0,346.72499999999997,16.833333333333332,477.5566666666667,48.16666666666667,-130.8316666666667,1,0,47,32
Jamaica,25.166666666666668,395.195,51.333333333333336,367.03999999999996,-26.166666666666668,28.15500000000003,1,0,31,69
Yemen,114.66666666666667,124.46,133.16666666666666,113.13999999999999,-18.499999999999986,11.320000000000007,1,0,72,156
Kazakhstan,34.333333333333336,384.19,126.66666666666667,73.19,-92.33333333333334,311.0,1,0,116,72
Panama,96.33333333333333,79.475,54.0,306.59333333333336,42.33333333333333,-227.11833333333337,1,0,59,109
Iceland,4.5,462.20166666666665,20.333333333333332,519.1433333333333,-15.833333333333332,-56.94166666666666,0,1,5,64
Laos,82.66666666666667,306.0,180.83333333333334,21.25,-98.16666666666667,284.75,1,0,78,77
Thailand,86.33333333333333,242.39000000000001,125.5,109.98,-39.16666666666667,132.41000000000003,1,1,64,142
Germany,45.5,306.84833333333336,1.0,822.7366666666667,44.5,-515.8883333333333,1,0,34,52
Colombia,11.0,616.1850000000001,14.5,367.13333333333327,-3.5,249.0516666666668,1,0,111,27
Kazakhstan,34.333333333333336,384.19,126.66666666666667,73.19,-92.33333333333334,311.0,1,0,116,72
Venezuela,64.5,58.74999999999999,43.166666666666664,410.935,21.333333333333336,-352.185,1,0,37,153
Northern Ireland,204.16666666666666,0.0,26.333333333333332,421.1116666666667,177.83333333333331,-421.1116666666667,1,0,119,105
Chile,11.0,616.1850000000001,9.5,442.0466666666666,1.5,174.13833333333343,1,0,111,26
Venezuela,52.666666666666664,406.9783333333333,43.166666666666664,410.935,9.5,-3.956666666666706,1,0,16,153
Iceland,33.333333333333336,405.47333333333336,20.333333333333332,519.1433333333333,13.000000000000004,-113.66999999999996,1,0,150,64
Nigeria,49.5,256.27833333333336,49.5,280.28333333333336,0.0,-24.004999999999995,1,0,23,104
Trinidad and Tobago,24.5,488.3666666666666,85.66666666666667,173.22166666666666,-61.16666666666667,315.145,1,0,148,143
Panama,24.5,488.3666666666666,54.0,306.59333333333336,-29.5,181.77333333333326,1,0,148,109
Maldives,185.83333333333334,0.0,149.16666666666666,74.63,36.666666666666686,-74.63,1,0,15,89
Costa Rica,62.666666666666664,284.3066666666667,25.166666666666668,395.195,37.5,-110.88833333333332,1,0,60,31
Jordan,37.5,394.7683333333334,115.16666666666667,140.725,-77.66666666666667,254.04333333333338,1,0,7,71
Ecuador,43.166666666666664,410.935,64.5,58.74999999999999,-21.333333333333336,352.185,1,0,154,37
England,28.5,358.18666666666667,14.333333333333334,479.66833333333335,14.166666666666666,-121.48166666666668,1,0,127,40
Hungary,7.0,613.3216666666666,50.5,193.13,-43.5,420.1916666666666,1,0,137,63
Paraguay,4.5,462.20166666666665,31.166666666666668,421.83,-26.666666666666668,40.37166666666667,1,0,5,111
Mali,91.66666666666667,173.07000000000002,67.5,198.16833333333332,24.16666666666667,-25.0983333333333,1,0,49,90
Afghanistan,171.66666666666666,31.26,145.16666666666666,104.065,26.5,-72.80499999999999,1,0,126,0
Trinidad and Tobago,54.0,306.59333333333336,85.66666666666667,173.22166666666666,-31.66666666666667,133.3716666666667,1,0,108,143
Bangladesh,115.16666666666667,140.725,196.5,0.0,-81.33333333333333,140.725,1,0,69,11
Albania,7.333333333333333,608.915,57.833333333333336,243.60333333333332,-50.5,365.3116666666666,1,0,133,1
Tunisia,104.16666666666667,142.08166666666668,19.666666666666668,580.4266666666666,84.5,-438.3449999999999,1,0,91,144
Malawi,142.0,104.65500000000002,122.16666666666667,91.53000000000002,19.83333333333333,13.125,1,0,141,87
England,62.5,238.87666666666667,14.333333333333334,479.66833333333335,48.166666666666664,-240.79166666666669,1,0,128,40
Northern Ireland,7.0,613.3216666666666,26.333333333333332,421.1116666666667,-19.333333333333332,192.20999999999992,1,0,137,105
Botswana,67.5,198.16833333333332,146.0,43.41166666666667,-78.5,154.75666666666666,1,0,89,16
Ecuador,19.0,395.4550000000001,64.5,58.74999999999999,-45.5,336.7050000000001,1,0,152,37
Libya,120.66666666666667,89.85000000000001,98.0,175.64666666666665,22.66666666666667,-85.79666666666664,1,0,118,82
Albania,7.333333333333333,608.915,57.833333333333336,243.60333333333332,-50.5,365.3116666666666,1,0,133,1
Moldova,34.833333333333336,445.91499999999996,170.5,44.43333333333334,-135.66666666666666,401.4816666666666,1,0,123,95
Botswana,67.5,198.16833333333332,146.0,43.41166666666667,-78.5,154.75666666666666,1,0,89,16
Iceland,16.833333333333332,477.5566666666667,20.333333333333332,519.1433333333333,-3.5,-41.586666666666645,1,0,32,64
Northern Ireland,120.16666666666667,81.07333333333334,26.333333333333332,421.1116666666667,93.83333333333334,-340.03833333333336,1,0,9,105
Romania,94.66666666666667,166.66833333333332,34.333333333333336,384.19,60.333333333333336,-217.52166666666668,1,0,6,117
Andorra,133.5,78.05166666666666,132.83333333333334,204.26500000000001,0.6666666666666572,-126.21333333333335,1,0,77,3
France,21.0,578.8333333333334,8.0,521.5266666666665,13.0,57.30666666666684,1,0,136,48
Seychelles,144.5,82.33833333333332,191.83333333333334,11.543333333333335,-47.33333333333334,70.79499999999999,1,0,21,124
Gibraltar,44.833333333333336,339.45666666666665,200.83333333333334,17.08,-156.0,322.37666666666667,1,0,55,54
Turkey,20.333333333333332,519.1433333333333,38.166666666666664,290.03666666666663,-17.833333333333332,229.10666666666668,1,0,62,145
Czech Republic,26.333333333333332,421.1116666666667,45.5,306.84833333333336,-19.166666666666668,114.26333333333332,1,0,104,34
Sweden,1.0,822.7366666666667,21.0,578.8333333333334,-20.0,243.9033333333333,0,1,52,136
New Zealand,150.33333333333334,117.98,124.5,101.87,25.833333333333343,16.11,1,0,129,102
Azerbaijan,26.333333333333332,421.1116666666667,120.16666666666667,81.07333333333334,-93.83333333333334,340.03833333333336,1,0,104,9
Poland,94.66666666666667,166.66833333333332,8.0,569.9300000000001,86.66666666666667,-403.26166666666677,1,0,6,114
Uruguay,31.166666666666668,421.83,19.0,395.4550000000001,12.166666666666668,26.374999999999886,1,0,110,151
Poland,34.333333333333336,384.19,8.0,569.9300000000001,26.333333333333336,-185.74000000000007,1,0,116,114
Slovenia,34.166666666666664,493.81333333333333,62.5,238.87666666666667,-28.333333333333336,254.93666666666667,1,0,121,128
Brazil,14.5,367.13333333333327,2.0,638.3583333333332,12.5,-271.22499999999997,1,0,27,17
Slovakia,34.166666666666664,493.81333333333333,28.5,358.18666666666667,5.666666666666664,135.62666666666667,1,0,121,127
Sweden,83.5,299.77,21.0,578.8333333333334,62.5,-279.0633333333334,1,0,84,136
New Zealand,11.0,616.1850000000001,124.5,101.87,-113.5,514.315,1,0,111,102
Afghanistan,57.833333333333336,220.96666666666667,145.16666666666666,104.065,-87.33333333333331,116.90166666666667,1,0,68,0
Namibia,168.66666666666666,54.145,110.16666666666667,126.67333333333335,58.499999999999986,-72.52833333333334,1,0,50,99
Israel,16.833333333333332,440.00500000000005,96.66666666666667,60.405,-79.83333333333334,379.6,1,0,66,67
Kazakhstan,12.0,754.7800000000001,126.66666666666667,73.19,-114.66666666666667,681.5900000000001,1,0,35,72
Ecuador,14.5,367.13333333333327,64.5,58.74999999999999,-50.0,308.38333333333327,1,0,27,37
Denmark,11.0,616.1850000000001,12.0,754.7800000000001,-1.0,-138.59500000000003,0,1,111,35
Bolivia,19.0,395.4550000000001,52.666666666666664,406.9783333333333,-33.666666666666664,-11.523333333333198,1,0,152,15
Cameroon,107.83333333333333,183.29333333333332,49.5,256.27833333333336,58.33333333333333,-72.98500000000004,1,0,102,22
Turkey,33.333333333333336,405.47333333333336,38.166666666666664,290.03666666666663,-4.833333333333329,115.43666666666672,1,0,150,145
Netherlands,83.5,299.77,19.666666666666668,527.0783333333334,63.83333333333333,-227.3083333333334,1,0,84,100
Iceland,49.5,280.28333333333336,20.333333333333332,519.1433333333333,29.166666666666668,-238.85999999999996,0,1,103,64
Cyprus,200.83333333333334,17.08,89.16666666666667,206.66,111.66666666666667,-189.57999999999998,1,1,54,33
Zambia,49.5,280.28333333333336,76.16666666666667,240.4316666666667,-26.66666666666667,39.85166666666666,1,0,103,157
Bulgaria,8.0,521.5266666666665,46.333333333333336,370.25999999999993,-38.333333333333336,151.2666666666666,1,0,48,18
New Caledonia,124.5,101.87,155.16666666666666,83.23,-30.666666666666657,18.64,1,0,101,101
Tanzania,61.5,212.29999999999998,142.0,104.65500000000002,-80.5,107.64499999999997,1,0,2,141
Peru,14.5,367.13333333333327,11.0,616.1850000000001,3.5,-249.0516666666668,1,0,27,112
Guinea,110.16666666666667,126.67333333333335,68.83333333333333,229.67499999999998,41.33333333333334,-103.00166666666664,1,0,98,58
Hong Kong,185.83333333333334,0.0,143.5,90.26,42.33333333333334,-90.26,1,0,15,62
Peru,43.166666666666664,410.935,11.0,616.1850000000001,32.166666666666664,-205.25000000000006,1,0,154,112
Serbia,98.66666666666667,203.5683333333333,34.833333333333336,445.91499999999996,63.833333333333336,-242.34666666666666,1,0,51,123
Cambodia,171.66666666666666,31.26,169.83333333333334,42.69,1.8333333333333144,-11.429999999999996,1,0,126,21
New Zealand,11.0,616.1850000000001,124.5,101.87,-113.5,514.315,1,0,111,102
Georgia,170.5,44.43333333333334,98.66666666666667,203.5683333333333,71.83333333333333,-159.13499999999996,1,0,94,51
England,34.166666666666664,493.81333333333333,14.333333333333334,479.66833333333335,19.83333333333333,14.144999999999982,1,0,121,40
Peru,2.0,638.3583333333332,11.0,616.1850000000001,-9.0,22.173333333333176,1,0,18,112
Brazil,19.0,395.4550000000001,2.0,638.3583333333332,17.0,-242.90333333333314,1,0,152,17
Slovenia,184.83333333333334,27.378333333333334,62.5,238.87666666666667,122.33333333333334,-211.49833333333333,1,0,90,128
Guinea,39.166666666666664,340.10166666666663,68.83333333333333,229.67499999999998,-29.666666666666664,110.42666666666665,1,0,30,58
France,83.5,299.77,8.0,521.5266666666665,75.5,-221.75666666666655,1,0,84,48
Venezuela,2.0,638.3583333333332,43.166666666666664,410.935,-41.166666666666664,227.42333333333323,1,0,18,153
Turkmenistan,99.0,202.94500000000002,121.33333333333333,157.96,-22.33333333333333,44.985000000000014,1,0,63,146
Guinea,19.666666666666668,580.4266666666666,68.83333333333333,229.67499999999998,-49.16666666666666,350.75166666666667,1,0,145,58
Romania,126.66666666666667,73.19,34.333333333333336,384.19,92.33333333333334,-311.0,1,0,70,117
Australia,8.0,521.5266666666665,37.5,394.7683333333334,-29.5,126.75833333333316,0,1,48,7
Malawi,142.0,104.65500000000002,122.16666666666667,91.53000000000002,19.83333333333333,13.125,1,0,141,87
Finland,38.166666666666664,290.03666666666663,65.0,346.72499999999997,-26.833333333333336,-56.68833333333333,1,0,146,47
San Marino,45.5,306.84833333333336,204.16666666666666,0.0,-158.66666666666666,306.84833333333336,1,0,34,119
Uganda,127.5,71.59833333333331,76.5,189.62166666666667,51.0,-118.02333333333335,1,0,143,148
Moldova,27.333333333333332,430.10999999999996,170.5,44.43333333333334,-143.16666666666666,385.6766666666666,1,0,8,95
Belgium,200.83333333333334,17.08,4.0,646.1566666666666,196.83333333333334,-629.0766666666666,1,1,54,13
Honduras,84.66666666666667,250.72500000000002,62.666666666666664,284.3066666666667,22.000000000000007,-33.58166666666665,1,0,39,61
Mexico,1.0,822.7366666666667,16.0,494.0733333333333,-15.0,328.66333333333336,0,1,52,94
Kosovo,33.333333333333336,405.47333333333336,162.66666666666666,74.70666666666666,-129.33333333333331,330.7666666666667,1,1,150,76
Madagascar,26.833333333333332,401.705,109.5,155.11166666666668,-82.66666666666667,246.5933333333333,1,0,122,86
Bolivia,9.5,442.0466666666666,52.666666666666664,406.9783333333333,-43.166666666666664,35.06833333333333,1,0,26,15
Israel,7.333333333333333,608.915,96.66666666666667,60.405,-89.33333333333334,548.51,1,0,133,67
Germany,26.333333333333332,421.1116666666667,1.0,822.7366666666667,25.333333333333332,-401.625,1,0,104,52
Panama,85.66666666666667,173.22166666666666,54.0,306.59333333333336,31.66666666666667,-133.3716666666667,1,0,144,109
Kosovo,33.333333333333336,405.47333333333336,162.66666666666666,74.70666666666666,-129.33333333333331,330.7666666666667,1,1,150,76
Australia,196.5,0.0,37.5,394.7683333333334,159.0,-394.7683333333334,1,0,11,7
England,19.666666666666668,580.4266666666666,14.333333333333334,479.66833333333335,5.333333333333334,100.75833333333327,0,1,145,40
Rwanda,98.0,175.64666666666665,120.66666666666667,89.85000000000001,-22.66666666666667,85.79666666666664,1,1,81,118
Montenegro,34.333333333333336,384.19,44.166666666666664,395.24,-9.833333333333329,-11.050000000000011,1,0,116,96
Venezuela,64.5,58.74999999999999,43.166666666666664,410.935,21.333333333333336,-352.185,1,0,37,153
Azerbaijan,1.0,822.7366666666667,120.16666666666667,81.07333333333334,-119.16666666666667,741.6633333333333,1,0,52,9
Iraq,57.833333333333336,220.96666666666667,86.33333333333333,242.39000000000001,-28.499999999999993,-21.423333333333346,1,0,68,66
Ecuador,11.0,616.1850000000001,64.5,58.74999999999999,-53.5,557.4350000000001,1,0,111,37
Bolivia,2.0,638.3583333333332,52.666666666666664,406.9783333333333,-50.666666666666664,231.37999999999994,1,0,18,15
Hong Kong,149.16666666666666,74.63,143.5,90.26,5.666666666666657,-15.63000000000001,1,0,88,62
Peru,124.5,101.87,11.0,616.1850000000001,113.5,-514.315,1,0,101,112
Albania,7.333333333333333,608.915,57.833333333333336,243.60333333333332,-50.5,365.3116666666666,1,0,133,1
Czech Republic,26.333333333333332,421.1116666666667,45.5,306.84833333333336,-19.166666666666668,114.26333333333332,1,0,104,34
Andorra,7.0,613.3216666666666,132.83333333333334,204.26500000000001,-125.83333333333334,409.0566666666666,1,0,137,3
Armenia,44.166666666666664,395.24,94.66666666666667,166.66833333333332,-50.50000000000001,228.5716666666667,1,0,95,6
Eritrea,146.0,43.41166666666667,206.33333333333334,0.0,-60.33333333333334,43.41166666666667,1,0,17,42
Central African Republic,109.5,155.11166666666668,117.0,130.98499999999999,-7.5,24.126666666666694,1,0,85,24
Bangladesh,122.0,156.32999999999998,196.5,0.0,-74.5,156.32999999999998,1,0,140,11
Brazil,52.666666666666664,406.9783333333333,2.0,638.3583333333332,50.666666666666664,-231.37999999999994,1,0,16,17
Burkina Faso,74.83333333333333,190.57333333333335,52.666666666666664,252.12166666666664,22.166666666666664,-61.54833333333329,1,0,131,19
Ghana,137.33333333333334,105.33166666666666,51.0,263.55833333333334,86.33333333333334,-158.2266666666667,1,0,28,53
Lithuania,28.5,358.18666666666667,138.83333333333334,40.94833333333333,-110.33333333333334,317.23833333333334,1,0,127,84
Haiti,25.166666666666668,395.195,96.33333333333333,79.475,-71.16666666666666,315.72,1,0,31,60
Armenia,34.333333333333336,384.19,94.66666666666667,166.66833333333332,-60.333333333333336,217.52166666666668,1,0,116,6
New Caledonia,124.5,101.87,155.16666666666666,83.23,-30.666666666666657,18.64,1,0,101,101
Brazil,31.166666666666668,421.83,2.0,638.3583333333332,29.166666666666668,-216.52833333333325,1,0,110,17
United Arab Emirates,37.5,394.7683333333334,79.0,183.25,-41.5,211.51833333333337,1,0,7,150
Kazakhstan,8.0,569.9300000000001,126.66666666666667,73.19,-118.66666666666667,496.74000000000007,1,0,113,72
Venezuela,19.0,395.4550000000001,43.166666666666664,410.935,-24.166666666666664,-15.479999999999905,1,0,152,153
Syria,57.833333333333336,220.96666666666667,75.0,232.32833333333335,-17.166666666666664,-11.361666666666679,1,0,68,138
Latvia,50.5,193.13,133.5,78.05166666666666,-83.0,115.07833333333333,1,0,61,78
Panama,25.166666666666668,395.195,54.0,306.59333333333336,-28.833333333333332,88.60166666666663,1,0,31,109
Costa Rica,2.0,638.3583333333332,25.166666666666668,395.195,-23.166666666666668,243.16333333333324,0,1,18,31
Lesotho,137.33333333333334,105.33166666666666,146.66666666666666,84.67833333333334,-9.333333333333314,20.65333333333332,1,0,28,80
Austria,98.66666666666667,203.5683333333333,27.333333333333332,430.10999999999996,71.33333333333334,-226.54166666666666,1,0,51,8
Belarus,21.0,578.8333333333334,85.83333333333333,160.80666666666664,-64.83333333333333,418.02666666666676,1,0,136,12
Wales,170.5,44.43333333333334,19.833333333333332,376.8283333333333,150.66666666666666,-332.395,1,0,94,155
Lithuania,14.333333333333334,479.66833333333335,138.83333333333334,40.94833333333333,-124.50000000000001,438.72,1,0,40,84
Spain,3.5,708.9733333333334,7.333333333333333,608.915,-3.833333333333333,100.0583333333334,0,1,114,133
Libya,19.666666666666668,580.4266666666666,98.0,175.64666666666665,-78.33333333333333,404.78,1,0,145,82
Belgium,90.33333333333333,218.51500000000001,4.0,646.1566666666666,86.33333333333333,-427.64166666666665,1,0,43,13
Moldova,19.833333333333332,376.8283333333333,170.5,44.43333333333334,-150.66666666666666,332.395,1,0,156,95
Switzerland,94.5,127.30499999999999,7.0,613.3216666666666,87.5,-486.0166666666666,1,0,45,137
Czech Republic,1.0,822.7366666666667,45.5,306.84833333333336,-44.5,515.8883333333333,1,0,52,34
Burkina Faso,74.83333333333333,190.57333333333335,52.666666666666664,252.12166666666664,22.166666666666664,-61.54833333333329,1,0,131,19
Gibraltar,4.0,646.1566666666666,200.83333333333334,17.08,-196.83333333333334,629.0766666666666,1,0,13,54
Bhutan,149.16666666666666,74.63,185.83333333333334,0.0,-36.666666666666686,74.63,1,0,88,14
Israel,57.833333333333336,243.60333333333332,96.66666666666667,60.405,-38.833333333333336,183.19833333333332,1,0,1,67
India,93.83333333333333,228.235,99.0,202.94500000000002,-5.166666666666671,25.289999999999992,1,0,106,65
Latvia,50.5,193.13,133.5,78.05166666666666,-83.0,115.07833333333333,1,0,61,78
Australia,115.16666666666667,140.725,37.5,394.7683333333334,77.66666666666667,-254.04333333333338,1,0,69,7
Montenegro,8.0,569.9300000000001,44.166666666666664,395.24,-36.166666666666664,174.69000000000005,1,0,113,96
Israel,7.333333333333333,608.915,96.66666666666667,60.405,-89.33333333333334,548.51,1,0,133,67
Finland,38.166666666666664,290.03666666666663,65.0,346.72499999999997,-26.833333333333336,-56.68833333333333,1,0,146,47
Paraguay,19.0,395.4550000000001,31.166666666666668,421.83,-12.166666666666668,-26.374999999999886,1,0,152,111
Greece,90.33333333333333,218.51500000000001,44.833333333333336,339.45666666666665,45.49999999999999,-120.94166666666663,1,0,43,55
Paraguay,2.0,638.3583333333332,31.166666666666668,421.83,-29.166666666666668,216.52833333333325,1,0,18,111
Germany,120.16666666666667,81.07333333333334,1.0,822.7366666666667,119.16666666666667,-741.6633333333333,1,0,9,52
Guatemala,24.5,488.3666666666666,134.66666666666666,0.0,-110.16666666666666,488.3666666666666,1,0,148,57
Montenegro,8.0,569.9300000000001,44.166666666666664,395.24,-36.166666666666664,174.69000000000005,1,0,113,96
Netherlands,8.0,521.5266666666665,19.666666666666668,527.0783333333334,-11.666666666666668,-5.551666666666847,1,0,48,100
Ecuador,4.5,462.20166666666665,64.5,58.74999999999999,-60.0,403.45166666666665,1,0,5,37
Liberia,100.33333333333333,131.39666666666668,143.5,60.69,-43.16666666666667,70.70666666666668,1,0,58,81
Afghanistan,75.0,232.32833333333335,145.16666666666666,104.065,-70.16666666666666,128.26333333333335,1,1,138,0
Czech Republic,204.16666666666666,0.0,45.5,306.84833333333336,158.66666666666666,-306.84833333333336,1,0,119,34
Uruguay,64.5,58.74999999999999,19.0,395.4550000000001,45.5,-336.7050000000001,1,0,37,151
Uruguay,2.0,638.3583333333332,19.0,395.4550000000001,-17.0,242.90333333333314,1,0,18,151
Fiji,124.5,101.87,166.83333333333334,58.02166666666667,-42.33333333333334,43.848333333333336,1,0,101,46
Egypt,89.0,148.03833333333336,42.333333333333336,273.91833333333335,46.666666666666664,-125.88,1,0,29,38
Bulgaria,83.5,299.77,46.333333333333336,370.25999999999993,37.166666666666664,-70.48999999999995,1,0,84,18
Georgia,19.833333333333332,376.8283333333333,98.66666666666667,203.5683333333333,-78.83333333333334,173.26000000000002,1,0,156,51
USA,85.66666666666667,173.22166666666666,24.5,488.3666666666666,61.16666666666667,-315.145,1,0,144,147
Albania,7.333333333333333,608.915,57.833333333333336,243.60333333333332,-50.5,365.3116666666666,1,0,133,1
Japan,75.0,232.32833333333335,57.833333333333336,220.96666666666667,17.166666666666664,11.361666666666679,1,1,138,70
Gibraltar,44.833333333333336,339.45666666666665,200.83333333333334,17.08,-156.0,322.37666666666667,1,0,55,54
Trinidad and Tobago,24.5,488.3666666666666,85.66666666666667,173.22166666666666,-61.16666666666667,315.145,1,0,148,143
Argentina,64.5,58.74999999999999,4.5,462.20166666666665,60.0,-403.45166666666665,1,0,37,5
Equatorial Guinea,41.333333333333336,380.00333333333333,141.5,24.791666666666668,-100.16666666666666,355.21166666666664,1,0,96,41
Belgium,89.16666666666667,206.66,4.0,646.1566666666666,85.16666666666667,-439.49666666666667,1,0,33,13
Malta,138.83333333333334,40.94833333333333,184.83333333333334,27.378333333333334,-46.0,13.569999999999997,1,0,83,91
Montenegro,12.0,754.7800000000001,44.166666666666664,395.24,-32.166666666666664,359.5400000000001,1,0,35,96
Peru,19.0,395.4550000000001,11.0,616.1850000000001,8.0,-220.72999999999996,1,0,152,112
El Salvador,85.5,230.70333333333338,84.66666666666667,250.72500000000002,0.8333333333333286,-20.021666666666647,1,0,24,39
Cambodia,75.0,232.32833333333335,169.83333333333334,42.69,-94.83333333333334,189.63833333333335,1,1,138,21
Tajikistan,115.16666666666667,140.725,122.0,156.32999999999998,-6.833333333333329,-15.60499999999999,1,0,69,140
Namibia,68.83333333333333,229.67499999999998,110.16666666666667,126.67333333333335,-41.33333333333334,103.00166666666664,1,1,57,99
Netherlands,85.83333333333333,160.80666666666664,19.666666666666668,527.0783333333334,66.16666666666666,-366.27166666666676,1,0,12,100
Malaysia,67.0,174.54,173.33333333333334,25.450000000000003,-106.33333333333334,149.08999999999997,1,0,120,88
Peru,52.666666666666664,406.9783333333333,11.0,616.1850000000001,41.666666666666664,-209.20666666666676,1,0,16,112
United Arab Emirates,173.33333333333334,25.450000000000003,79.0,183.25,94.33333333333334,-157.8,1,0,87,150
Georgia,34.833333333333336,445.91499999999996,98.66666666666667,203.5683333333333,-63.833333333333336,242.34666666666666,1,0,123,51
Nigeria,16.833333333333332,477.5566666666667,49.5,280.28333333333336,-32.66666666666667,197.2733333333333,0,1,32,104
Burundi,39.166666666666664,340.10166666666663,144.5,82.33833333333332,-105.33333333333334,257.7633333333333,1,0,30,20
Norway,26.333333333333332,421.1116666666667,53.5,378.68666666666667,-27.166666666666668,42.42500000000001,1,0,104,106
Jordan,37.5,394.7683333333334,115.16666666666667,140.725,-77.66666666666667,254.04333333333338,1,0,7,71
Gambia,110.16666666666667,126.67333333333335,168.66666666666666,54.145,-58.499999999999986,72.52833333333334,1,0,98,50
Gabon,107.66666666666667,136.225,91.66666666666667,173.07000000000002,16.0,-36.84500000000003,1,0,97,49
Hungary,3.5,708.9733333333334,50.5,193.13,-47.0,515.8433333333334,1,0,114,63
Lithuania,62.5,238.87666666666667,138.83333333333334,40.94833333333333,-76.33333333333334,197.92833333333334,1,0,128,84
India,93.83333333333333,228.235,99.0,202.94500000000002,-5.166666666666671,25.289999999999992,1,0,106,65
Slovakia,184.83333333333334,27.378333333333334,28.5,358.18666666666667,156.33333333333334,-330.80833333333334,1,0,90,127
Hungary,3.5,708.9733333333334,50.5,193.13,-47.0,515.8433333333334,1,0,114,63
Saudi Arabia,57.833333333333336,220.96666666666667,67.0,174.54,-9.166666666666664,46.42666666666668,1,0,68,120
Iceland,162.66666666666666,74.70666666666666,20.333333333333332,519.1433333333333,142.33333333333331,-444.43666666666667,1,1,74,64
England,184.83333333333334,27.378333333333334,14.333333333333334,479.66833333333335,170.5,-452.29,1,0,90,40
Cambodia,145.16666666666666,104.065,169.83333333333334,42.69,-24.666666666666686,61.375,1,1,0,21
Venezuela,64.5,58.74999999999999,43.166666666666664,410.935,21.333333333333336,-352.185,1,0,37,153
France,19.666666666666668,527.0783333333334,8.0,521.5266666666665,11.666666666666668,5.551666666666847,1,0,99,48
New Zealand,11.0,616.1850000000001,124.5,101.87,-113.5,514.315,1,0,111,102
Italy,57.833333333333336,243.60333333333332,16.833333333333332,440.00500000000005,41.0,-196.40166666666673,1,0,1,68
Cambodia,75.0,232.32833333333335,169.83333333333334,42.69,-94.83333333333334,189.63833333333335,1,1,138,21
Norway,120.16666666666667,81.07333333333334,53.5,378.68666666666667,66.66666666666667,-297.61333333333334,1,0,9,106
Paraguay,64.5,58.74999999999999,31.166666666666668,421.83,33.33333333333333,-363.08,1,0,37,111
USA,62.666666666666664,284.3066666666667,24.5,488.3666666666666,38.166666666666664,-204.05999999999995,1,0,60,147
England,138.83333333333334,40.94833333333333,14.333333333333334,479.66833333333335,124.50000000000001,-438.72,1,0,83,40
Hungary,133.5,78.05166666666666,50.5,193.13,83.0,-115.07833333333333,1,0,77,63
Japan,169.83333333333334,42.69,57.833333333333336,220.96666666666667,112.0,-178.27666666666667,1,0,22,70
Wales,34.833333333333336,445.91499999999996,19.833333333333332,376.8283333333333,15.000000000000004,69.08666666666664,1,0,123,155
Mexico,62.666666666666664,284.3066666666667,16.0,494.0733333333333,46.666666666666664,-209.76666666666665,1,0,60,94
United Arab Emirates,67.0,174.54,79.0,183.25,-12.0,-8.710000000000008,1,0,120,150
Jamaica,25.166666666666668,395.195,51.333333333333336,367.03999999999996,-26.166666666666668,28.15500000000003,1,0,31,69
Estonia,200.83333333333334,17.08,90.33333333333333,218.51500000000001,110.50000000000001,-201.435,1,1,54,43
Gibraltar,90.33333333333333,218.51500000000001,200.83333333333334,17.08,-110.50000000000001,201.435,1,0,43,54
USA,54.0,306.59333333333336,24.5,488.3666666666666,29.5,-181.77333333333326,1,0,108,147
Cambodia,145.16666666666666,104.065,169.83333333333334,42.69,-24.666666666666686,61.375,1,1,0,21
Turkey,20.333333333333332,519.1433333333333,38.166666666666664,290.03666666666663,-17.833333333333332,229.10666666666668,1,0,62,145
Algeria,76.16666666666667,240.4316666666667,61.5,212.29999999999998,14.666666666666671,28.131666666666717,1,0,158,2
Kosovo,65.0,346.72499999999997,162.66666666666666,74.70666666666666,-97.66666666666666,272.0183333333333,1,0,47,76
Romania,8.0,569.9300000000001,34.333333333333336,384.19,-26.333333333333336,185.74000000000007,1,0,113,117
Gibraltar,4.0,646.1566666666666,200.83333333333334,17.08,-196.83333333333334,629.0766666666666,1,0,13,54
Bangladesh,122.0,156.32999999999998,196.5,0.0,-74.5,156.32999999999998,1,0,140,11
Venezuela,64.5,58.74999999999999,43.166666666666664,410.935,21.333333333333336,-352.185,1,0,37,153
Venezuela,14.5,367.13333333333327,43.166666666666664,410.935,-28.666666666666664,-43.80166666666673,1,0,27,153
Trinidad and Tobago,62.666666666666664,284.3066666666667,85.66666666666667,173.22166666666666,-23.000000000000007,111.08500000000001,1,0,60,143
Belarus,21.0,578.8333333333334,85.83333333333333,160.80666666666664,-64.83333333333333,418.02666666666676,1,0,136,12
Tanzania,122.16666666666667,91.53000000000002,142.0,104.65500000000002,-19.83333333333333,-13.125,1,0,86,141
Maldives,101.16666666666667,135.38333333333333,149.16666666666666,74.63,-47.999999999999986,60.75333333333333,1,0,115,89
Luxembourg,21.0,578.8333333333334,83.5,299.77,-62.5,279.0633333333334,1,0,136,85
New Zealand,155.16666666666666,83.23,124.5,101.87,30.666666666666657,-18.64,1,0,100,102
Malawi,142.0,104.65500000000002,122.16666666666667,91.53000000000002,19.83333333333333,13.125,1,0,141,87
Zambia,61.5,212.29999999999998,76.16666666666667,240.4316666666667,-14.666666666666671,-28.131666666666717,1,0,2,157
Estonia,4.0,646.1566666666666,90.33333333333333,218.51500000000001,-86.33333333333333,427.64166666666665,1,0,13,43
Ecuador,52.666666666666664,406.9783333333333,64.5,58.74999999999999,-11.833333333333336,348.2283333333333,1,0,16,37
Lithuania,34.166666666666664,493.81333333333333,138.83333333333334,40.94833333333333,-104.66666666666669,452.865,1,0,121,84
Kazakhstan,44.166666666666664,395.24,126.66666666666667,73.19,-82.5,322.05,1,0,95,72
Faroe Islands,3.5,708.9733333333334,94.5,127.30499999999999,-91.0,581.6683333333334,1,0,114,45
Malta,34.166666666666664,493.81333333333333,184.83333333333334,27.378333333333334,-150.66666666666669,466.435,1,0,121,91
Switzerland,2.0,638.3583333333332,7.0,613.3216666666666,-5.0,25.036666666666633,0,1,18,137
Bolivia,9.5,442.0466666666666,52.666666666666664,406.9783333333333,-43.166666666666664,35.06833333333333,1,0,26,15
Cyprus,4.0,646.1566666666666,89.16666666666667,206.66,-85.16666666666667,439.49666666666667,1,0,13,33
Luxembourg,85.83333333333333,160.80666666666664,83.5,299.77,2.3333333333333286,-138.96333333333334,1,0,12,85
Australia,57.833333333333336,220.96666666666667,37.5,394.7683333333334,20.333333333333336,-173.8016666666667,1,0,68,7
Albania,7.333333333333333,608.915,57.833333333333336,243.60333333333332,-50.5,365.3116666666666,1,0,133,1
Qatar,82.0,129.1316666666667,101.16666666666667,135.38333333333333,-19.16666666666667,-6.251666666666637,1,0,153,116
Turkey,33.333333333333336,405.47333333333336,38.166666666666664,290.03666666666663,-4.833333333333329,115.43666666666672,1,0,150,145
Ukraine,162.66666666666666,74.70666666666666,33.333333333333336,405.47333333333336,129.33333333333331,-330.7666666666667,1,1,74,149
Burkina Faso,74.83333333333333,190.57333333333335,52.666666666666664,252.12166666666664,22.166666666666664,-61.54833333333329,1,0,131,19
South Africa,52.666666666666664,252.12166666666664,74.83333333333333,190.57333333333335,-22.166666666666664,61.54833333333329,1,0,20,131
Morocco,67.5,198.16833333333332,41.333333333333336,380.00333333333333,26.166666666666664,-181.835,1,0,89,97
Kosovo,20.333333333333332,519.1433333333333,162.66666666666666,74.70666666666666,-142.33333333333331,444.43666666666667,1,0,62,76
Tunisia,4.0,646.1566666666666,19.666666666666668,580.4266666666666,-15.666666666666668,65.73000000000002,0,1,13,144
Oman,121.33333333333333,157.96,93.83333333333333,228.235,27.5,-70.275,1,0,147,107
Switzerland,133.5,78.05166666666666,7.0,613.3216666666666,126.5,-535.27,1,0,77,137
Tahiti,166.83333333333334,32.515,156.16666666666666,48.875,10.666666666666686,-16.36,1,0,109,139
Lebanon,169.33333333333334,45.81166666666667,82.66666666666667,306.0,86.66666666666667,-260.18833333333333,1,0,75,79
San Marino,26.333333333333332,421.1116666666667,204.16666666666666,0.0,-177.83333333333331,421.1116666666667,1,0,104,119
Moldova,34.833333333333336,445.91499999999996,170.5,44.43333333333334,-135.66666666666666,401.4816666666666,1,0,123,95
Hungary,7.0,613.3216666666666,50.5,193.13,-43.5,420.1916666666666,1,0,137,63
Slovakia,138.83333333333334,40.94833333333333,28.5,358.18666666666667,110.33333333333334,-317.23833333333334,1,0,83,127
San Marino,26.333333333333332,421.1116666666667,204.16666666666666,0.0,-177.83333333333331,421.1116666666667,1,0,104,119
Venezuela,2.0,638.3583333333332,43.166666666666664,410.935,-41.166666666666664,227.42333333333323,1,0,18,153
Andorra,133.5,78.05166666666666,132.83333333333334,204.26500000000001,0.6666666666666572,-126.21333333333335,1,0,77,3
Jordan,37.5,394.7683333333334,115.16666666666667,140.725,-77.66666666666667,254.04333333333338,1,0,7,71
El Salvador,62.666666666666664,284.3066666666667,84.66666666666667,250.72500000000002,-22.000000000000007,33.58166666666665,1,0,60,39
Trinidad and Tobago,24.5,488.3666666666666,85.66666666666667,173.22166666666666,-61.16666666666667,315.145,1,0,148,143
Hungary,3.5,708.9733333333334,50.5,193.13,-47.0,515.8433333333334,1,0,114,63
Chile,2.0,638.3583333333332,9.5,442.0466666666666,-7.5,196.3116666666666,1,0,18,26
Bulgaria,19.666666666666668,527.0783333333334,46.333333333333336,370.25999999999993,-26.666666666666668,156.81833333333344,1,0,99,18
Liechtenstein,7.333333333333333,608.915,181.16666666666666,42.68500000000001,-173.83333333333331,566.2299999999999,1,0,133,83
Ghana,42.333333333333336,273.91833333333335,51.0,263.55833333333334,-8.666666666666664,10.360000000000014,1,0,38,53
San Marino,1.0,822.7366666666667,204.16666666666666,0.0,-203.16666666666666,822.7366666666667,1,0,52,119
Congo DR,98.0,175.64666666666665,39.166666666666664,340.10166666666663,58.833333333333336,-164.45499999999998,1,1,81,30
Mexico,85.5,230.70333333333338,16.0,494.0733333333333,69.5,-263.36999999999995,1,0,24,94
Andorra,50.5,193.13,132.83333333333334,204.26500000000001,-82.33333333333334,-11.13500000000002,1,0,61,3
Ghana,76.5,189.62166666666667,51.0,263.55833333333334,25.5,-73.93666666666667,1,0,149,53
Colombia,19.0,395.4550000000001,14.5,367.13333333333327,4.5,28.32166666666683,1,0,152,27
Belarus,83.5,299.77,85.83333333333333,160.80666666666664,-2.3333333333333286,138.96333333333334,1,0,84,12
Kazakhstan,8.0,569.9300000000001,126.66666666666667,73.19,-118.66666666666667,496.74000000000007,1,0,113,72
Guinea-Bissau,143.5,60.69,100.33333333333333,131.39666666666668,43.16666666666667,-70.70666666666668,1,0,80,59
Albania,7.333333333333333,608.915,57.833333333333336,243.60333333333332,-50.5,365.3116666666666,1,0,133,1
Guinea,19.666666666666668,580.4266666666666,68.83333333333333,229.67499999999998,-49.16666666666666,350.75166666666667,1,0,145,58
Lithuania,62.5,238.87666666666667,138.83333333333334,40.94833333333333,-76.33333333333334,197.92833333333334,1,0,128,84
San Marino,26.333333333333332,421.1116666666667,204.16666666666666,0.0,-177.83333333333331,421.1116666666667,1,0,104,119
Croatia,20.333333333333332,519.1433333333333,16.833333333333332,477.5566666666667,3.5,41.586666666666645,1,0,62,32
Azerbaijan,1.0,822.7366666666667,120.16666666666667,81.07333333333334,-119.16666666666667,741.6633333333333,1,0,52,9
Mauritania,19.666666666666668,580.4266666666666,104.16666666666667,142.08166666666668,-84.5,438.3449999999999,1,0,145,92
Thailand,57.833333333333336,220.96666666666667,125.5,109.98,-67.66666666666666,110.98666666666666,1,0,68,142
Chile,2.0,638.3583333333332,9.5,442.0466666666666,-7.5,196.3116666666666,1,0,18,26
Tajikistan,115.16666666666667,140.725,122.0,156.32999999999998,-6.833333333333329,-15.60499999999999,1,0,69,140
Burundi,39.166666666666664,340.10166666666663,144.5,82.33833333333332,-105.33333333333334,257.7633333333333,1,0,30,20
Peru,14.5,367.13333333333327,11.0,616.1850000000001,3.5,-249.0516666666668,1,0,27,112
Japan,171.66666666666666,31.26,57.833333333333336,220.96666666666667,113.83333333333331,-189.70666666666668,1,0,126,70
Tunisia,39.166666666666664,340.10166666666663,19.666666666666668,580.4266666666666,19.499999999999996,-240.325,1,0,30,144
Turkey,65.0,346.72499999999997,38.166666666666664,290.03666666666663,26.833333333333336,56.68833333333333,1,0,47,145
Hungary,3.5,708.9733333333334,50.5,193.13,-47.0,515.8433333333334,1,0,114,63
Korea Republic,82.0,129.1316666666667,59.166666666666664,183.17666666666665,22.833333333333336,-54.04499999999996,1,0,153,75
Andorra,94.5,127.30499999999999,132.83333333333334,204.26500000000001,-38.33333333333334,-76.96000000000002,1,0,45,3
Jamaica,25.166666666666668,395.195,51.333333333333336,367.03999999999996,-26.166666666666668,28.15500000000003,1,0,31,69
Montenegro,8.0,569.9300000000001,44.166666666666664,395.24,-36.166666666666664,174.69000000000005,1,0,113,96
Qatar,75.0,232.32833333333335,101.16666666666667,135.38333333333333,-26.16666666666667,96.94500000000002,1,1,138,116
Latvia,3.5,708.9733333333334,133.5,78.05166666666666,-130.0,630.9216666666667,1,0,114,78
India,93.83333333333333,228.235,99.0,202.94500000000002,-5.166666666666671,25.289999999999992,1,0,106,65
Portugal,7.0,613.3216666666666,3.5,708.9733333333334,3.5,-95.65166666666676,1,0,137,115
Colombia,19.0,395.4550000000001,14.5,367.13333333333327,4.5,28.32166666666683,1,0,152,27
Croatia,33.333333333333336,405.47333333333336,16.833333333333332,477.5566666666667,16.500000000000004,-72.08333333333331,1,0,150,32
Panama,25.166666666666668,395.195,54.0,306.59333333333336,-28.833333333333332,88.60166666666663,1,0,31,109
Chile,2.0,638.3583333333332,9.5,442.0466666666666,-7.5,196.3116666666666,1,0,18,26
Uganda,51.0,263.55833333333334,76.5,189.62166666666667,-25.5,73.93666666666667,1,0,53,148
Paraguay,2.0,638.3583333333332,31.166666666666668,421.83,-29.166666666666668,216.52833333333325,1,0,18,111
Brazil,64.5,58.74999999999999,2.0,638.3583333333332,62.5,-579.6083333333332,1,0,37,17
Bahrain,82.0,129.1316666666667,119.66666666666667,150.8516666666667,-37.66666666666667,-21.72,1,0,153,10
Italy,21.0,578.8333333333334,16.833333333333332,440.00500000000005,4.166666666666668,138.82833333333332,1,0,136,68
Faroe Islands,133.5,78.05166666666666,94.5,127.30499999999999,39.0,-49.25333333333333,1,0,77,45
Austria,170.5,44.43333333333334,27.333333333333332,430.10999999999996,143.16666666666666,-385.6766666666666,1,0,94,8
Bolivia,19.0,395.4550000000001,52.666666666666664,406.9783333333333,-33.666666666666664,-11.523333333333198,1,0,152,15
Liechtenstein,96.66666666666667,60.405,181.16666666666666,42.68500000000001,-84.49999999999999,17.71999999999999,1,0,65,83
San Marino,120.16666666666667,81.07333333333334,204.16666666666666,0.0,-83.99999999999999,81.07333333333334,1,0,9,119
Switzerland,34.833333333333336,445.91499999999996,7.0,613.3216666666666,27.833333333333336,-167.40666666666664,0,1,123,137
Papua New Guinea,150.33333333333334,117.98,166.83333333333334,32.515,-16.5,85.465,1,0,129,110
Uruguay,52.666666666666664,406.9783333333333,19.0,395.4550000000001,33.666666666666664,11.523333333333198,1,0,16,151
Faroe Islands,7.0,613.3216666666666,94.5,127.30499999999999,-87.5,486.0166666666666,1,0,137,45
Trinidad and Tobago,25.166666666666668,395.195,85.66666666666667,173.22166666666666,-60.5,221.97333333333333,1,0,31,143
Palestine,79.0,183.25,83.16666666666667,263.06,-4.166666666666671,-79.81,1,0,151,108
Scotland,28.5,358.18666666666667,34.166666666666664,493.81333333333333,-5.666666666666664,-135.62666666666667,1,0,127,121
Finland,162.66666666666666,74.70666666666666,65.0,346.72499999999997,97.66666666666666,-272.0183333333333,1,1,74,47
Central African Republic,109.5,155.11166666666668,117.0,130.98499999999999,-7.5,24.126666666666694,1,0,85,24
Albania,16.833333333333332,440.00500000000005,57.833333333333336,243.60333333333332,-41.0,196.40166666666673,1,0,66,1
Turkey,20.333333333333332,519.1433333333333,38.166666666666664,290.03666666666663,-17.833333333333332,229.10666666666668,1,0,62,145
Estonia,89.16666666666667,206.66,90.33333333333333,218.51500000000001,-1.1666666666666572,-11.855000000000018,1,0,33,43
Gabon,41.333333333333336,380.00333333333333,91.66666666666667,173.07000000000002,-50.333333333333336,206.9333333333333,1,0,96,49
Trinidad and Tobago,24.5,488.3666666666666,85.66666666666667,173.22166666666666,-61.16666666666667,315.145,1,0,148,143
Chile,4.5,462.20166666666665,9.5,442.0466666666666,-5.0,20.15500000000003,1,0,5,26
Armenia,126.66666666666667,73.19,94.66666666666667,166.66833333333332,32.0,-93.47833333333332,1,0,70,6
Germany,204.16666666666666,0.0,1.0,822.7366666666667,203.16666666666666,-822.7366666666667,1,0,119,52
Bolivia,14.5,367.13333333333327,52.666666666666664,406.9783333333333,-38.166666666666664,-39.84500000000003,1,0,27,15
Sudan,76.16666666666667,240.4316666666667,123.16666666666667,160.32166666666666,-47.0,80.11000000000004,1,0,158,134
Syria,37.5,394.7683333333334,75.0,232.32833333333335,-37.5,162.44000000000003,1,0,7,138
Iceland,38.166666666666664,290.03666666666663,20.333333333333332,519.1433333333333,17.833333333333332,-229.10666666666668,1,0,146,64
Bolivia,64.5,58.74999999999999,52.666666666666664,406.9783333333333,11.833333333333336,-348.2283333333333,1,0,37,15
Korea Republic,75.0,232.32833333333335,59.166666666666664,183.17666666666665,15.833333333333336,49.1516666666667,1,1,138,75
Bulgaria,85.83333333333333,160.80666666666664,46.333333333333336,370.25999999999993,39.49999999999999,-209.4533333333333,1,0,12,18
Senegal,8.0,569.9300000000001,26.833333333333332,401.705,-18.833333333333332,168.22500000000008,0,1,113,122
Tajikistan,37.5,394.7683333333334,122.0,156.32999999999998,-84.5,238.4383333333334,1,0,7,140
Australia,57.833333333333336,220.96666666666667,37.5,394.7683333333334,20.333333333333336,-173.8016666666667,1,0,68,7
Honduras,16.0,494.0733333333333,62.666666666666664,284.3066666666667,-46.666666666666664,209.76666666666665,1,0,93,61
Paraguay,43.166666666666664,410.935,31.166666666666668,421.83,11.999999999999996,-10.894999999999982,1,0,154,111
South Sudan,104.16666666666667,142.08166666666668,154.66666666666666,54.19833333333333,-50.499999999999986,87.88333333333335,1,0,91,132
Moldova,98.66666666666667,203.5683333333333,170.5,44.43333333333334,-71.83333333333333,159.13499999999996,1,0,51,95
Malta,62.5,238.87666666666667,184.83333333333334,27.378333333333334,-122.33333333333334,211.49833333333333,1,0,128,91
Lithuania,14.333333333333334,479.66833333333335,138.83333333333334,40.94833333333333,-124.50000000000001,438.72,1,0,40,84
Lithuania,62.5,238.87666666666667,138.83333333333334,40.94833333333333,-76.33333333333334,197.92833333333334,1,0,128,84
Malta,28.5,358.18666666666667,184.83333333333334,27.378333333333334,-156.33333333333334,330.80833333333334,1,0,127,91
Niger,49.5,256.27833333333336,107.83333333333333,183.29333333333332,-58.33333333333333,72.98500000000004,1,0,23,103
Japan,37.5,394.7683333333334,57.833333333333336,220.96666666666667,-20.333333333333336,173.8016666666667,1,0,7,70
Greece,89.16666666666667,206.66,44.833333333333336,339.45666666666665,44.333333333333336,-132.79666666666665,1,0,33,55
USA,134.66666666666666,0.0,24.5,488.3666666666666,110.16666666666666,-488.3666666666666,1,0,56,147
Moldova,27.333333333333332,430.10999999999996,170.5,44.43333333333334,-143.16666666666666,385.6766666666666,1,0,8,95
USA,16.0,494.0733333333333,24.5,488.3666666666666,-8.5,5.706666666666706,1,0,93,147
Somalia,107.83333333333333,183.29333333333332,206.33333333333334,0.0,-98.50000000000001,183.29333333333332,1,0,102,130
Chile,19.0,395.4550000000001,9.5,442.0466666666666,9.5,-46.59166666666653,1,0,152,26
Guinea,39.166666666666664,340.10166666666663,68.83333333333333,229.67499999999998,-29.666666666666664,110.42666666666665,1,0,30,58
Denmark,126.66666666666667,73.19,12.0,754.7800000000001,114.66666666666667,-681.5900000000001,1,0,70,35
Laos,82.66666666666667,306.0,180.83333333333334,21.25,-98.16666666666667,284.75,1,0,78,77
Thailand,67.0,174.54,125.5,109.98,-58.5,64.55999999999999,1,0,120,142
Albania,96.66666666666667,60.405,57.833333333333336,243.60333333333332,38.833333333333336,-183.19833333333332,1,0,65,1
Lithuania,28.5,358.18666666666667,138.83333333333334,40.94833333333333,-110.33333333333334,317.23833333333334,1,0,127,84
Uruguay,9.5,442.0466666666666,19.0,395.4550000000001,-9.5,46.59166666666653,1,0,26,151
Congo,141.83333333333334,55.501666666666665,89.0,148.03833333333336,52.83333333333334,-92.53666666666669,1,0,44,29
Japan,67.0,174.54,57.833333333333336,220.96666666666667,9.166666666666664,-46.42666666666668,1,0,120,70
Belarus,8.0,521.5266666666665,85.83333333333333,160.80666666666664,-77.83333333333333,360.7199999999999,1,0,48,12
Venezuela,64.5,58.74999999999999,43.166666666666664,410.935,21.333333333333336,-352.185,1,0,37,153
Liechtenstein,16.833333333333332,440.00500000000005,181.16666666666666,42.68500000000001,-164.33333333333331,397.32000000000005,1,0,66,83
Uzbekistan,59.166666666666664,183.17666666666665,82.0,129.1316666666667,-22.833333333333336,54.04499999999996,1,0,73,152
Kazakhstan,12.0,754.7800000000001,126.66666666666667,73.19,-114.66666666666667,681.5900000000001,1,0,35,72
Sweden,85.83333333333333,160.80666666666664,21.0,578.8333333333334,64.83333333333333,-418.02666666666676,1,0,12,136
Costa Rica,24.5,488.3666666666666,25.166666666666668,395.195,-0.6666666666666679,93.17166666666662,1,0,148,31
Serbia,27.333333333333332,430.10999999999996,34.833333333333336,445.91499999999996,-7.5000000000000036,-15.805000000000007,1,0,8,123
Netherlands,8.0,521.5266666666665,19.666666666666668,527.0783333333334,-11.666666666666668,-5.551666666666847,1,0,48,100
Singapore,145.16666666666666,104.065,171.66666666666666,31.26,-26.5,72.80499999999999,1,1,0,126
Turkey,20.333333333333332,519.1433333333333,38.166666666666664,290.03666666666663,-17.833333333333332,229.10666666666668,1,0,62,145
Mauritius,108.66666666666667,99.60833333333335,157.83333333333334,40.66833333333333,-49.16666666666667,58.94000000000002,1,0,71,93
Armenia,12.0,754.7800000000001,94.66666666666667,166.66833333333332,-82.66666666666667,588.1116666666668,1,0,35,6
Qatar,185.83333333333334,0.0,101.16666666666667,135.38333333333333,84.66666666666667,-135.38333333333333,1,0,15,116
Sudan,76.16666666666667,240.4316666666667,123.16666666666667,160.32166666666666,-47.0,80.11000000000004,1,0,158,134
Thailand,37.5,394.7683333333334,125.5,109.98,-88.0,284.78833333333336,1,0,7,142
Nigeria,76.16666666666667,240.4316666666667,49.5,280.28333333333336,26.66666666666667,-39.85166666666666,1,0,158,104
Guam,121.33333333333333,157.96,190.5,0.0,-69.16666666666667,157.96,1,0,147,56
Liechtenstein,7.333333333333333,608.915,181.16666666666666,42.68500000000001,-173.83333333333331,566.2299999999999,1,0,133,83
Malta,14.333333333333334,479.66833333333335,184.83333333333334,27.378333333333334,-170.5,452.29,1,0,40,91
Moldova,34.833333333333336,445.91499999999996,170.5,44.43333333333334,-135.66666666666666,401.4816666666666,1,0,123,95
Trinidad and Tobago,62.666666666666664,284.3066666666667,85.66666666666667,173.22166666666666,-23.000000000000007,111.08500000000001,1,0,60,143
Afghanistan,57.833333333333336,220.96666666666667,145.16666666666666,104.065,-87.33333333333331,116.90166666666667,1,0,68,0
San Marino,120.16666666666667,81.07333333333334,204.16666666666666,0.0,-83.99999999999999,81.07333333333334,1,0,9,119
Italy,7.333333333333333,608.915,16.833333333333332,440.00500000000005,-9.5,168.9099999999999,1,0,133,68
Mexico,25.166666666666668,395.195,16.0,494.0733333333333,9.166666666666668,-98.87833333333333,1,0,31,94
Liechtenstein,16.833333333333332,440.00500000000005,181.16666666666666,42.68500000000001,-164.33333333333331,397.32000000000005,1,0,66,83
Chile,19.0,395.4550000000001,9.5,442.0466666666666,9.5,-46.59166666666653,1,0,152,26
Qatar,75.0,232.32833333333335,101.16666666666667,135.38333333333333,-26.16666666666667,96.94500000000002,1,1,138,116
India,121.33333333333333,157.96,99.0,202.94500000000002,22.33333333333333,-44.985000000000014,1,0,147,65
Trinidad and Tobago,24.5,488.3666666666666,85.66666666666667,173.22166666666666,-61.16666666666667,315.145,1,0,148,143
Venezuela,64.5,58.74999999999999,43.166666666666664,410.935,21.333333333333336,-352.185,1,0,37,153
Hungary,7.0,613.3216666666666,50.5,193.13,-43.5,420.1916666666666,1,0,137,63
Bulgaria,8.0,521.5266666666665,46.333333333333336,370.25999999999993,-38.333333333333336,151.2666666666666,1,0,48,18
Romania,8.0,569.9300000000001,34.333333333333336,384.19,-26.333333333333336,185.74000000000007,1,0,113,117
Cameroon,61.5,212.29999999999998,49.5,256.27833333333336,12.0,-43.97833333333338,1,0,2,22
Faroe Islands,7.0,613.3216666666666,94.5,127.30499999999999,-87.5,486.0166666666666,1,0,137,45
Kazakhstan,34.333333333333336,384.19,126.66666666666667,73.19,-92.33333333333334,311.0,1,0,116,72
Panama,24.5,488.3666666666666,54.0,306.59333333333336,-29.5,181.77333333333326,1,0,148,109
Montenegro,94.66666666666667,166.66833333333332,44.166666666666664,395.24,50.50000000000001,-228.5716666666667,1,0,6,96
Australia,86.33333333333333,242.39000000000001,37.5,394.7683333333334,48.83333333333333,-152.37833333333336,1,1,64,7
Portugal,50.5,193.13,3.5,708.9733333333334,47.0,-515.8433333333334,1,0,61,115
Botswana,67.5,198.16833333333332,146.0,43.41166666666667,-78.5,154.75666666666666,1,0,89,16
Greece,4.0,646.1566666666666,44.833333333333336,339.45666666666665,-40.833333333333336,306.7,1,0,13,55
Northern Ireland,53.5,378.68666666666667,26.333333333333332,421.1116666666667,27.166666666666668,-42.42500000000001,1,0,105,105
Iraq,67.0,174.54,86.33333333333333,242.39000000000001,-19.33333333333333,-67.85000000000002,1,0,120,66
Tahiti,150.33333333333334,117.98,156.16666666666666,48.875,-5.833333333333314,69.105,1,0,129,139
Honduras,24.5,488.3666666666666,62.666666666666664,284.3066666666667,-38.166666666666664,204.05999999999995,1,0,148,61
United Arab Emirates,57.833333333333336,220.96666666666667,79.0,183.25,-21.166666666666664,37.71666666666667,1,0,68,150
Guatemala,24.5,488.3666666666666,134.66666666666666,0.0,-110.16666666666666,488.3666666666666,1,0,148,57
Serbia,19.833333333333332,376.8283333333333,34.833333333333336,445.91499999999996,-15.000000000000004,-69.08666666666664,1,0,156,123
Honduras,24.5,488.3666666666666,62.666666666666664,284.3066666666667,-38.166666666666664,204.05999999999995,1,0,148,61
Poland,126.66666666666667,73.19,8.0,569.9300000000001,118.66666666666667,-496.74000000000007,1,0,70,114
Korea DPR,82.0,129.1316666666667,114.66666666666667,124.46,-32.66666666666667,4.671666666666695,1,0,153,74
Estonia,44.833333333333336,339.45666666666665,90.33333333333333,218.51500000000001,-45.49999999999999,120.94166666666663,1,0,55,43
Gabon,41.333333333333336,380.00333333333333,91.66666666666667,173.07000000000002,-50.333333333333336,206.9333333333333,1,0,96,49
Iraq,79.0,183.25,86.33333333333333,242.39000000000001,-7.333333333333329,-59.140000000000015,1,0,151,66
Cyprus,90.33333333333333,218.51500000000001,89.16666666666667,206.66,1.1666666666666572,11.855000000000018,1,0,43,33
Switzerland,132.83333333333334,204.26500000000001,7.0,613.3216666666666,125.83333333333334,-409.0566666666666,1,0,3,137
Costa Rica,96.33333333333333,79.475,25.166666666666668,395.195,71.16666666666666,-315.72,1,0,59,31
Gibraltar,90.33333333333333,218.51500000000001,200.83333333333334,17.08,-110.50000000000001,201.435,1,0,43,54
Saudi Arabia,19.0,395.4550000000001,67.0,174.54,-48.0,220.9150000000001,0,1,152,120
Korea Republic,101.16666666666667,135.38333333333333,59.166666666666664,183.17666666666665,42.00000000000001,-47.79333333333332,1,0,115,75
Kazakhstan,12.0,754.7800000000001,126.66666666666667,73.19,-114.66666666666667,681.5900000000001,1,0,35,72
Egypt,76.5,189.62166666666667,42.333333333333336,273.91833333333335,34.166666666666664,-84.29666666666668,1,0,149,38
New Zealand,11.0,616.1850000000001,124.5,101.87,-113.5,514.315,1,0,111,102
Australia,62.666666666666664,284.3066666666667,37.5,394.7683333333334,25.166666666666664,-110.4616666666667,1,0,60,7
Kazakhstan,34.333333333333336,384.19,126.66666666666667,73.19,-92.33333333333334,311.0,1,0,116,72
Colombia,2.0,638.3583333333332,14.5,367.13333333333327,-12.5,271.22499999999997,1,0,18,27
Denmark,44.166666666666664,395.24,12.0,754.7800000000001,32.166666666666664,-359.5400000000001,1,0,95,35
Niger,206.33333333333334,0.0,107.83333333333333,183.29333333333332,98.50000000000001,-183.29333333333332,1,1,130,103
Lithuania,28.5,358.18666666666667,138.83333333333334,40.94833333333333,-110.33333333333334,317.23833333333334,1,0,127,84
Wales,27.333333333333332,430.10999999999996,19.833333333333332,376.8283333333333,7.5,53.28166666666664,1,0,8,155
Czech Republic,53.5,378.68666666666667,45.5,306.84833333333336,8.0,71.83833333333331,1,0,105,34
